url,label
http://iitb.ac.in/services?page=2,0
https://amazon.in/home?ref=homepage,0
http://paypal.security-verify.cf/update,1
https://bankofindia-secure3xc.com/verify-account,1
http://stackoverflow.com?ref=homepage,0
https://google-securehbl.com/verify-account,1
http://amazon.security-login.xyz/update,1
http://linkedin.com/about?id=123,0
http://bank-amazon.ga/update,1
https://amazon-securewq2.com/verify-account,1
https://paypal-securel6y.com/verify-account,1
http://github.com/products?ref=homepage,0
http://secure-facebook.tk/secure,1
https://amazon.in/about?id=123,0
http://iitb.ac.in/services,0
https://paypal-securevac.com/verify-account,1
http://amazon.in/services?page=2,0
http://google.com/products,0
https://amazon.in/contact?ref=homepage,0
http://iitb.ac.in/services?id=123,0
https://wikipedia.org/about?ref=homepage,0
http://linkedin.com/contact,0
http://microsoft.com/products?page=2,0
http://iitb.ac.in/contact?ref=homepage,0
https://facebook-securepbw.com/verify-account,1
http://google.security-secure.cf/update,1
http://138.55.127.56/login.php?id=d8bae,1
http://bank-google.ga/update,1
https://bankofindia-securemur.com/verify-account,1
https://facebook-secure07i.com/verify-account,1
http://iitb.ac.in/services,0
http://239.76.203.68/login.php?id=udrrp,1
https://paypal-securetck.com/verify-account,1
http://240.248.86.22/login.php?id=fptya,1
http://secure-paypal.ml/update,1
http://wikipedia.org/products?id=123,0
https://amazon.in?ref=homepage,0
https://google-securewkb.com/verify-account,1
http://linkedin.com?ref=homepage,0
http://paypal.security-update.cf/update,1
https://stackoverflow.com/products?id=123,0
https://github.com/contact?page=2,0
http://amazon.in/products?page=2,0
http://account-google.ga/login,1
https://microsoft.com/contact?page=2,0
http://google.com/products?id=123,0
https://apple.com/services?page=2,0
http://182.191.76.123/login.php?id=ami7a,1
http://account-amazon.tk/verify,1
http://google.com,0
http://paypal.security-account.ml/update,1
http://account-google.ga/secure,1
https://amazon-securer1x.com/verify-account,1
http://amazon.security-login.cf/update,1
https://wikipedia.org/contact,0
http://242.231.247.190/login.php?id=rblhu,1
http://bank-google.ga/update,1
http://account-google.ml/login,1
http://apple.com/products?page=2,0
http://google.com/about?page=2,0
https://apple.com/home?id=123,0
https://iitb.ac.in/contact?id=123,0
https://microsoft.com/contact?ref=homepage,0
http://update-amazon.ru/update,1
https://amazon.in/home,0
http://iitb.ac.in?page=2,0
http://iitb.ac.in,0
https://wikipedia.org/home?id=123,0
http://bank-facebook.tk/account,1
http://amazon.security-update.xyz/update,1
https://paypal-securew6o.com/verify-account,1
http://142.64.122.109/login.php?id=b9trn,1
http://88.109.76.145/login.php?id=trkzi,1
https://facebook-securec99.com/verify-account,1
http://paypal.security-update.ru/update,1
https://linkedin.com/contact?ref=homepage,0
https://amazon.in/products?ref=homepage,0
https://github.com/home?ref=homepage,0
http://stackoverflow.com/about?id=123,0
http://bankofindia.security-verify.ml/update,1
http://bankofindia.security-secure.ml/update,1
https://facebook-secure8bt.com/verify-account,1
http://microsoft.com/services?ref=homepage,0
https://amazon.in/services,0
http://github.com/home?page=2,0
https://apple.com/home?id=123,0
http://account-amazon.cf/bank,1
https://facebook-secure1xi.com/verify-account,1
http://update-amazon.ml/account,1
http://secure-amazon.xyz/login,1
http://microsoft.com/about?id=123,0
https://apple.com/contact?id=123,0
http://facebook.security-secure.ru/update,1
http://login-google.ga/secure,1
https://stackoverflow.com?page=2,0
https://linkedin.com/home?ref=homepage,0
https://amazon.in/contact?page=2,0
http://linkedin.com/home?ref=homepage,0
https://linkedin.com/services?ref=homepage,0
https://apple.com/contact?id=123,0
https://github.com/about,0
http://12.152.162.47/login.php?id=ibt52,1
http://202.131.200.88/login.php?id=p7opf,1
http://paypal.security-account.ga/update,1
https://google-securee56.com/verify-account,1
http://wikipedia.org/about?page=2,0
https://github.com/about,0
https://wikipedia.org?id=123,0
https://wikipedia.org/services?page=2,0
http://account-paypal.tk/login,1
https://wikipedia.org/products,0
https://iitb.ac.in/services,0
http://wikipedia.org/about,0
http://137.250.70.169/login.php?id=tb45o,1
http://linkedin.com/products?page=2,0
https://apple.com/services?ref=homepage,0
https://microsoft.com/home,0
https://stackoverflow.com/about?ref=homepage,0
http://139.50.68.146/login.php?id=y0ihc,1
https://iitb.ac.in/home?ref=homepage,0
http://facebook.security-login.xyz/update,1
https://stackoverflow.com/services?id=123,0
https://amazon-secure8mv.com/verify-account,1
http://linkedin.com/about?ref=homepage,0
http://amazon.in/contact?id=123,0
http://32.30.113.193/login.php?id=r2scw,1
http://iitb.ac.in/about?id=123,0
http://facebook.security-secure.ru/update,1
http://google.com,0
https://github.com/home,0
https://bankofindia-secureru8.com/verify-account,1
https://google-securetpg.com/verify-account,1
http://81.146.151.41/login.php?id=6d3co,1
http://stackoverflow.com/products?page=2,0
http://github.com/home,0
http://google.security-verify.xyz/update,1
https://wikipedia.org/contact?id=123,0
http://amazon.security-update.ga/update,1
https://amazon.in/about,0
http://stackoverflow.com?ref=homepage,0
http://123.158.105.13/login.php?id=u0ae2,1
http://amazon.security-account.ga/update,1
https://apple.com/services?page=2,0
http://iitb.ac.in/contact?page=2,0
https://amazon-securevna.com/verify-account,1
https://wikipedia.org/services?ref=homepage,0
http://stackoverflow.com/about,0
http://amazon.in/services,0
http://github.com/contact?id=123,0
https://amazon-securelgn.com/verify-account,1
http://facebook.security-bank.cf/update,1
https://iitb.ac.in,0
https://github.com/contact?ref=homepage,0
http://google.security-secure.cf/update,1
http://238.75.165.14/login.php?id=nyxfo,1
http://114.44.200.197/login.php?id=fr80x,1
https://bankofindia-securetce.com/verify-account,1
http://verify-facebook.xyz/bank,1
http://account-bankofindia.ga/secure,1
https://iitb.ac.in/contact?page=2,0
https://amazon-securemg1.com/verify-account,1
https://iitb.ac.in/services?page=2,0
https://google.com,0
http://github.com/products?id=123,0
http://128.222.38.247/login.php?id=aar8h,1
http://161.94.235.22/login.php?id=h630p,1
https://stackoverflow.com/services?page=2,0
http://paypal.security-secure.cf/update,1
https://iitb.ac.in/about?id=123,0
https://microsoft.com/services?id=123,0
http://82.110.237.75/login.php?id=8mxad,1
http://iitb.ac.in/products?page=2,0
https://facebook-securejly.com/verify-account,1
http://wikipedia.org/services?page=2,0
https://amazon-securekn9.com/verify-account,1
http://stackoverflow.com/services?page=2,0
http://google.security-verify.tk/update,1
http://github.com/about?id=123,0
https://stackoverflow.com/products?page=2,0
https://stackoverflow.com/services?id=123,0
https://amazon.in/products?ref=homepage,0
http://account-bankofindia.ml/account,1
https://paypal-secure5o2.com/verify-account,1
https://google-secureu5w.com/verify-account,1
http://bankofindia.security-login.ga/update,1
http://74.17.180.121/login.php?id=ni121,1
http://amazon.security-login.ru/update,1
http://47.245.193.141/login.php?id=04lr2,1
https://bankofindia-securepcj.com/verify-account,1
http://google.security-bank.cf/update,1
https://google-securea2t.com/verify-account,1
http://151.246.188.167/login.php?id=rxiah,1
https://facebook-securemlx.com/verify-account,1
https://wikipedia.org/contact?ref=homepage,0
https://paypal-secure5wg.com/verify-account,1
http://167.239.65.185/login.php?id=jpdc8,1
http://iitb.ac.in/services,0
http://microsoft.com/about,0
http://bankofindia.security-update.cf/update,1
http://google.com/about?page=2,0
http://bankofindia.security-login.xyz/update,1
https://linkedin.com/about?page=2,0
http://apple.com/home,0
http://secure-bankofindia.ru/bank,1
https://bankofindia-secure44c.com/verify-account,1
http://15.166.249.223/login.php?id=r15ju,1
http://paypal.security-account.tk/update,1
http://amazon.security-login.ru/update,1
http://facebook.security-update.ml/update,1
http://iitb.ac.in/home?page=2,0
https://paypal-secureiv7.com/verify-account,1
http://login-bankofindia.ga/verify,1
https://google.com/products,0
http://facebook.security-update.xyz/update,1
http://verify-facebook.ml/bank,1
https://paypal-secured91.com/verify-account,1
http://paypal.security-login.ru/update,1
https://wikipedia.org/about?ref=homepage,0
https://amazon-secure3px.com/verify-account,1
http://google.com/products?id=123,0
http://254.66.155.246/login.php?id=5ty9u,1
http://197.64.171.35/login.php?id=6apux,1
http://update-facebook.ml/account,1
http://apple.com/contact?ref=homepage,0
http://login-paypal.ml/bank,1
https://google.com/about,0
http://linkedin.com,0
https://apple.com/contact?id=123,0
http://verify-facebook.ml/verify,1
http://verify-amazon.cf/account,1
http://245.67.70.13/login.php?id=rd7pp,1
https://linkedin.com/services?id=123,0
http://iitb.ac.in/services,0
http://168.197.110.54/login.php?id=1atu0,1
http://12.72.107.177/login.php?id=f8kd8,1
http://97.168.134.136/login.php?id=eoes0,1
https://amazon-securemox.com/verify-account,1
http://amazon.security-update.xyz/update,1
https://google.com/about?id=123,0
https://facebook-securefd5.com/verify-account,1
https://amazon-secureun3.com/verify-account,1
https://amazon.in/about?id=123,0
http://iitb.ac.in/contact,0
http://75.119.175.161/login.php?id=rhzyn,1
http://21.243.12.96/login.php?id=3hq8q,1
http://paypal.security-bank.ml/update,1
http://github.com/products?ref=homepage,0
http://linkedin.com/products?id=123,0
http://127.155.192.16/login.php?id=r1ah5,1
http://stackoverflow.com/services,0
https://wikipedia.org/about?id=123,0
http://amazon.in/services,0
http://facebook.security-secure.ru/update,1
http://google.com/about?ref=homepage,0
http://google.security-secure.ga/update,1
http://amazon.in?page=2,0
https://iitb.ac.in/products?id=123,0
http://apple.com/contact?ref=homepage,0
https://google-secureows.com/verify-account,1
https://google.com/products?ref=homepage,0
http://124.251.79.55/login.php?id=c4m20,1
https://google-securefp1.com/verify-account,1
http://microsoft.com?ref=homepage,0
http://verify-paypal.cf/secure,1
http://microsoft.com/services?id=123,0
https://google.com/home?page=2,0
https://linkedin.com/products?page=2,0
https://linkedin.com/contact?ref=homepage,0
http://155.163.109.133/login.php?id=7tg0o,1
http://124.251.62.113/login.php?id=34c3y,1
http://amazon.security-login.cf/update,1
https://apple.com/contact?ref=homepage,0
http://verify-facebook.tk/verify,1
https://amazon.in/contact?ref=homepage,0
http://119.65.41.154/login.php?id=8v493,1
http://48.237.131.123/login.php?id=j0svb,1
http://linkedin.com/home,0
http://33.147.185.68/login.php?id=tkgj0,1
https://amazon.in?ref=homepage,0
https://linkedin.com/services?ref=homepage,0
http://222.29.240.248/login.php?id=c3kki,1
https://amazon-secure1yq.com/verify-account,1
https://github.com/products?page=2,0
http://google.com/services?page=2,0
http://secure-facebook.ga/login,1
http://amazon.security-verify.ml/update,1
https://github.com/products?id=123,0
https://apple.com/home?ref=homepage,0
http://amazon.security-verify.tk/update,1
http://update-paypal.ru/verify,1
https://amazon-secureafa.com/verify-account,1
https://stackoverflow.com/services?ref=homepage,0
https://iitb.ac.in/home?page=2,0
http://apple.com/products?page=2,0
https://google.com/about?id=123,0
https://facebook-secure41p.com/verify-account,1
http://199.91.59.80/login.php?id=xnjmk,1
http://67.45.40.18/login.php?id=9s6kq,1
http://stackoverflow.com/about?ref=homepage,0
http://google.com/products?ref=homepage,0
http://update-bankofindia.tk/login,1
http://stackoverflow.com/services?id=123,0
https://linkedin.com/services?ref=homepage,0
http://apple.com/home?id=123,0
http://bank-amazon.cf/update,1
http://136.182.255.238/login.php?id=drp9g,1
http://linkedin.com/contact?ref=homepage,0
https://wikipedia.org/contact,0
https://amazon.in,0
https://google.com/products?id=123,0
http://230.101.218.38/login.php?id=33q8s,1
https://iitb.ac.in/about?page=2,0
http://45.199.219.116/login.php?id=c390v,1
https://github.com/home?page=2,0
https://github.com/contact?page=2,0
https://amazon.in/home,0
http://bank-google.ml/update,1
http://verify-bankofindia.xyz/verify,1
http://bank-amazon.tk/verify,1
https://iitb.ac.in/contact,0
http://account-bankofindia.tk/account,1
https://google.com/services?id=123,0
http://update-amazon.cf/login,1
https://amazon.in/products,0
https://github.com/services,0
http://203.139.148.177/login.php?id=guy8i,1
https://facebook-securesnw.com/verify-account,1
https://microsoft.com/services?id=123,0
https://paypal-securewxt.com/verify-account,1
http://212.141.154.183/login.php?id=c7mcq,1
http://bank-google.cf/bank,1
http://github.com/contact,0
http://amazon.security-account.cf/update,1
https://iitb.ac.in/services?page=2,0
http://229.224.184.80/login.php?id=a4qwf,1
http://linkedin.com/about,0
https://google-securen9o.com/verify-account,1
http://github.com/contact?id=123,0
https://facebook-secure3be.com/verify-account,1
http://stackoverflow.com/home?id=123,0
http://iitb.ac.in/products?page=2,0
http://update-google.ru/update,1
https://github.com/home,0
http://117.13.102.103/login.php?id=k7ub3,1
http://google.com/home,0
https://github.com/home,0
http://151.53.172.229/login.php?id=2pkf2,1
http://amazon.security-bank.ru/update,1
http://facebook.security-login.tk/update,1
https://paypal-securebth.com/verify-account,1
https://github.com/products?page=2,0
http://linkedin.com/home,0
http://73.192.70.37/login.php?id=mhzag,1
https://amazon.in/about?page=2,0
http://microsoft.com/home,0
http://wikipedia.org?ref=homepage,0
http://github.com/about,0
https://iitb.ac.in,0
http://secure-paypal.ml/account,1
http://microsoft.com/services?ref=homepage,0
http://github.com?id=123,0
http://linkedin.com/contact?page=2,0
http://stackoverflow.com/products?id=123,0
https://stackoverflow.com/products?page=2,0
https://paypal-securexvs.com/verify-account,1
http://252.168.169.161/login.php?id=mug4y,1
https://microsoft.com/about?id=123,0
http://wikipedia.org/contact?id=123,0
https://google.com/products,0
https://amazon-securex61.com/verify-account,1
http://amazon.in/products?page=2,0
https://amazon.in,0
https://stackoverflow.com?page=2,0
http://101.64.178.13/login.php?id=25i3x,1
https://linkedin.com?page=2,0
http://verify-facebook.cf/update,1
http://paypal.security-bank.cf/update,1
http://verify-facebook.cf/secure,1
http://amazon.in?ref=homepage,0
http://stackoverflow.com/home?ref=homepage,0
http://wikipedia.org,0
https://amazon.in/contact?page=2,0
http://44.142.226.12/login.php?id=7ur37,1
http://update-facebook.tk/update,1
http://account-google.tk/login,1
http://google.security-account.ru/update,1
http://account-paypal.ml/login,1
http://160.48.139.169/login.php?id=on8wq,1
http://secure-amazon.tk/login,1
http://wikipedia.org/services?page=2,0
http://github.com/about?ref=homepage,0
https://apple.com/products?id=123,0
http://verify-paypal.ml/update,1
https://github.com/services?id=123,0
http://bank-google.ml/verify,1
http://linkedin.com/home?page=2,0
http://account-paypal.ru/account,1
https://github.com/products?ref=homepage,0
http://google.com/contact?page=2,0
http://wikipedia.org/services?page=2,0
http://github.com/products?page=2,0
http://208.139.221.82/login.php?id=gzvvy,1
https://bankofindia-securek43.com/verify-account,1
http://microsoft.com/services,0
http://124.133.93.115/login.php?id=p0xrx,1
https://google.com/home?ref=homepage,0
http://login-bankofindia.tk/login,1
https://bankofindia-secureabx.com/verify-account,1
http://bankofindia.security-login.cf/update,1
http://170.39.210.247/login.php?id=bjj9c,1
http://amazon.in/home,0
http://microsoft.com/services?ref=homepage,0
https://wikipedia.org/contact,0
http://account-google.ru/update,1
https://wikipedia.org/services?ref=homepage,0
http://apple.com/contact?ref=homepage,0
https://paypal-securej7k.com/verify-account,1
http://google.com/products,0
http://226.50.215.131/login.php?id=o1cfu,1
http://184.126.190.126/login.php?id=k47vq,1
https://google.com?id=123,0
http://apple.com?id=123,0
https://stackoverflow.com/services,0
https://stackoverflow.com?id=123,0
http://paypal.security-login.xyz/update,1
https://linkedin.com/about?ref=homepage,0
http://wikipedia.org/services?id=123,0
https://amazon-securem2s.com/verify-account,1
http://verify-facebook.xyz/account,1
http://secure-bankofindia.xyz/secure,1
http://google.com/products?page=2,0
http://verify-google.ml/login,1
http://amazon.in/contact?ref=homepage,0
http://amazon.security-account.xyz/update,1
http://facebook.security-bank.cf/update,1
https://google.com?page=2,0
https://github.com/contact?page=2,0
https://google-secure866.com/verify-account,1
http://stackoverflow.com/contact?ref=homepage,0
https://bankofindia-securekwd.com/verify-account,1
https://facebook-securevpk.com/verify-account,1
https://google.com,0
http://verify-amazon.ga/verify,1
http://amazon.in/services,0
http://github.com/products?page=2,0
http://google.security-bank.ga/update,1
https://amazon-securelqs.com/verify-account,1
http://account-facebook.ml/verify,1
https://amazon-secure7mt.com/verify-account,1
http://116.91.210.211/login.php?id=e0nzx,1
http://amazon.in/home?page=2,0
https://linkedin.com/products?page=2,0
http://amazon.in/about?ref=homepage,0
https://bankofindia-secure27x.com/verify-account,1
https://iitb.ac.in/services?ref=homepage,0
http://facebook.security-account.cf/update,1
http://google.com?ref=homepage,0
https://wikipedia.org/about?ref=homepage,0
https://google.com/contact?ref=homepage,0
https://google.com?id=123,0
http://amazon.security-secure.tk/update,1
http://facebook.security-verify.ga/update,1
http://98.213.34.101/login.php?id=qsgel,1
http://account-paypal.ru/login,1
http://wikipedia.org/services?id=123,0
http://bankofindia.security-secure.ru/update,1
http://208.201.64.42/login.php?id=bonks,1
http://bank-paypal.ru/bank,1
http://81.10.23.216/login.php?id=z42ta,1
https://stackoverflow.com/contact?id=123,0
https://amazon-secureea4.com/verify-account,1
http://apple.com/about?id=123,0
http://wikipedia.org/contact,0
http://login-facebook.xyz/verify,1
https://amazon-securedux.com/verify-account,1
https://microsoft.com/home,0
http://99.249.156.242/login.php?id=5gg7f,1
http://amazon.in?page=2,0
http://42.47.207.114/login.php?id=so8yv,1
https://stackoverflow.com/products,0
http://40.68.91.64/login.php?id=tsv9c,1
http://amazon.in/products?page=2,0
http://iitb.ac.in/contact?id=123,0
http://183.211.240.158/login.php?id=g3er5,1
http://amazon.security-secure.ga/update,1
https://wikipedia.org/products?ref=homepage,0
http://google.com/services?page=2,0
https://google-secure5vh.com/verify-account,1
http://facebook.security-login.tk/update,1
https://github.com/services?id=123,0
https://facebook-securei67.com/verify-account,1
http://stackoverflow.com/services?id=123,0
https://amazon.in/services,0
http://22.181.120.156/login.php?id=p4ivy,1
http://update-amazon.ga/bank,1
https://paypal-securesp4.com/verify-account,1
http://account-paypal.tk/login,1
http://account-bankofindia.ru/secure,1
https://bankofindia-securejj9.com/verify-account,1
http://verify-bankofindia.ml/update,1
http://wikipedia.org/services?ref=homepage,0
http://secure-facebook.ru/secure,1
http://bankofindia.security-account.xyz/update,1
http://253.10.130.246/login.php?id=4ge6o,1
http://apple.com/contact?id=123,0
https://bankofindia-securerlp.com/verify-account,1
https://linkedin.com/services,0
http://update-google.ga/login,1
http://55.93.219.139/login.php?id=phiz1,1
http://account-amazon.tk/verify,1
http://39.174.108.85/login.php?id=1pzt7,1
https://facebook-securetxm.com/verify-account,1
http://wikipedia.org?page=2,0
https://microsoft.com?ref=homepage,0
http://iitb.ac.in/about?ref=homepage,0
https://wikipedia.org/about?ref=homepage,0
http://wikipedia.org/products,0
http://72.61.118.60/login.php?id=l1erl,1
http://amazon.in/products?ref=homepage,0
http://verify-facebook.ru/update,1
http://144.203.238.124/login.php?id=n9hvd,1
http://amazon.security-verify.ml/update,1
https://github.com/contact,0
http://apple.com/contact?page=2,0
https://microsoft.com,0
https://amazon-secureuh8.com/verify-account,1
http://github.com/contact,0
http://account-bankofindia.cf/verify,1
http://github.com/about,0
https://microsoft.com/home?page=2,0
http://secure-paypal.xyz/account,1
http://secure-paypal.tk/verify,1
http://stackoverflow.com/about?id=123,0
http://bank-google.cf/update,1
https://microsoft.com/contact?id=123,0
http://69.146.48.254/login.php?id=12gsr,1
https://paypal-secure589.com/verify-account,1
http://google.security-update.ga/update,1
http://google.com/products?ref=homepage,0
https://amazon-secure9wg.com/verify-account,1
https://stackoverflow.com/about?page=2,0
https://github.com/products?ref=homepage,0
https://iitb.ac.in/about,0
http://google.com/about?id=123,0
https://wikipedia.org/about?id=123,0
http://stackoverflow.com,0
http://paypal.security-secure.ru/update,1
https://amazon-secureqyc.com/verify-account,1
http://amazon.in/home?page=2,0
http://microsoft.com/home?id=123,0
https://amazon-securesyv.com/verify-account,1
https://microsoft.com/home?ref=homepage,0
https://google-secureinh.com/verify-account,1
https://apple.com/products,0
http://wikipedia.org/contact?page=2,0
https://stackoverflow.com,0
http://update-facebook.xyz/update,1
https://wikipedia.org/contact?ref=homepage,0
http://google.security-verify.cf/update,1
https://bankofindia-secure37b.com/verify-account,1
http://linkedin.com/products?ref=homepage,0
https://linkedin.com/about,0
https://linkedin.com/contact?page=2,0
http://wikipedia.org/products?id=123,0
http://facebook.security-verify.ga/update,1
http://login-bankofindia.ru/bank,1
http://stackoverflow.com/services,0
http://51.188.170.64/login.php?id=37yg4,1
http://microsoft.com/products?id=123,0
http://paypal.security-account.ru/update,1
https://amazon.in/home,0
http://github.com?page=2,0
https://wikipedia.org/home?id=123,0
http://facebook.security-account.ga/update,1
http://account-paypal.xyz/verify,1
https://google-securegpy.com/verify-account,1
http://facebook.security-update.ru/update,1
https://microsoft.com/contact,0
https://microsoft.com/products?id=123,0
https://stackoverflow.com/services,0
http://stackoverflow.com/services?page=2,0
http://amazon.in,0
http://100.40.223.48/login.php?id=iujdk,1
http://linkedin.com?ref=homepage,0
http://apple.com/products?page=2,0
http://github.com/contact?page=2,0
http://secure-paypal.tk/update,1
http://191.147.177.171/login.php?id=0axmd,1
http://229.121.58.226/login.php?id=l2agk,1
http://87.212.119.143/login.php?id=omjvk,1
http://linkedin.com/home?id=123,0
http://secure-google.tk/account,1
https://stackoverflow.com/contact?page=2,0
http://secure-paypal.cf/update,1
http://iitb.ac.in/services?page=2,0
http://login-paypal.ml/account,1
http://paypal.security-verify.xyz/update,1
http://linkedin.com/contact?id=123,0
http://facebook.security-verify.ru/update,1
http://microsoft.com?page=2,0
http://google.com/contact,0
http://iitb.ac.in/about?ref=homepage,0
http://login-bankofindia.ml/account,1
http://32.137.149.255/login.php?id=o8djb,1
https://amazon-securefsw.com/verify-account,1
https://stackoverflow.com/contact?id=123,0
https://stackoverflow.com/contact?id=123,0
https://facebook-secure9c3.com/verify-account,1
https://linkedin.com/products?ref=homepage,0
http://facebook.security-account.cf/update,1
http://update-amazon.ml/login,1
http://amazon.security-update.cf/update,1
http://linkedin.com?page=2,0
https://facebook-secure36r.com/verify-account,1
https://amazon.in?ref=homepage,0
http://bankofindia.security-update.tk/update,1
https://google.com/about?ref=homepage,0
https://github.com?page=2,0
http://amazon.security-bank.ml/update,1
https://google.com?page=2,0
https://amazon-secure5ds.com/verify-account,1
http://paypal.security-secure.xyz/update,1
http://12.60.47.54/login.php?id=pevi6,1
https://wikipedia.org/products,0
https://google.com/home?ref=homepage,0
http://123.109.109.214/login.php?id=az0mp,1
http://13.61.97.240/login.php?id=07mzi,1
https://bankofindia-securedaz.com/verify-account,1
http://github.com?page=2,0
http://secure-facebook.ml/account,1
http://128.178.153.96/login.php?id=qhk4k,1
http://amazon.security-login.xyz/update,1
http://microsoft.com/home?id=123,0
https://amazon.in/services?ref=homepage,0
https://linkedin.com/home,0
https://microsoft.com/home?id=123,0
http://iitb.ac.in/home?ref=homepage,0
http://amazon.security-login.cf/update,1
https://amazon-secure6r7.com/verify-account,1
https://iitb.ac.in/about?id=123,0
https://bankofindia-secure7rm.com/verify-account,1
http://196.126.173.194/login.php?id=n8syu,1
https://bankofindia-secure8ca.com/verify-account,1
https://paypal-securep8m.com/verify-account,1
http://github.com/products?page=2,0
https://linkedin.com/services?ref=homepage,0
http://stackoverflow.com,0
http://microsoft.com/services?page=2,0
http://apple.com?ref=homepage,0
http://230.225.51.150/login.php?id=locjz,1
http://login-amazon.tk/bank,1
http://linkedin.com/products?id=123,0
http://224.153.115.164/login.php?id=31u0y,1
https://stackoverflow.com/services?page=2,0
http://100.195.136.252/login.php?id=bh54b,1
https://iitb.ac.in/products?page=2,0
https://amazon-secureo5n.com/verify-account,1
http://170.68.220.29/login.php?id=ng2zr,1
https://linkedin.com/about,0
https://google-secure865.com/verify-account,1
https://stackoverflow.com/about,0
http://bankofindia.security-update.xyz/update,1
http://linkedin.com/home?id=123,0
http://account-amazon.xyz/bank,1
https://amazon-securerev.com/verify-account,1
http://google.com/contact?id=123,0
https://google-securejnj.com/verify-account,1
http://bank-paypal.ga/login,1
http://facebook.security-bank.tk/update,1
http://update-amazon.xyz/secure,1
http://iitb.ac.in/products?id=123,0
http://bankofindia.security-verify.ru/update,1
http://wikipedia.org/contact,0
http://stackoverflow.com/home,0
http://google.com/about,0
http://stackoverflow.com?page=2,0
https://paypal-securezsk.com/verify-account,1
https://paypal-securei7z.com/verify-account,1
http://202.111.214.149/login.php?id=4blqk,1
https://amazon-securetje.com/verify-account,1
http://update-google.cf/update,1
https://wikipedia.org/services?page=2,0
http://apple.com/contact?page=2,0
http://89.46.252.91/login.php?id=pwcfh,1
http://apple.com/services?ref=homepage,0
http://wikipedia.org/contact?page=2,0
https://linkedin.com/home,0
http://google.security-account.xyz/update,1
http://stackoverflow.com/products?ref=homepage,0
http://apple.com/products?id=123,0
http://amazon.in/home?page=2,0
https://apple.com/about,0
https://google.com/home?id=123,0
http://google.com/products?ref=homepage,0
http://github.com/services,0
http://apple.com/home?id=123,0
https://wikipedia.org/contact?page=2,0
http://linkedin.com/home?page=2,0
http://linkedin.com/products?page=2,0
http://google.com/home?page=2,0
http://iitb.ac.in/products,0
https://stackoverflow.com/products?ref=homepage,0
https://google.com/home,0
http://google.security-bank.tk/update,1
http://wikipedia.org/services,0
https://wikipedia.org/contact?ref=homepage,0
http://amazon.security-bank.tk/update,1
http://amazon.in/home?ref=homepage,0
http://google.com/home?page=2,0
http://96.250.239.43/login.php?id=do7l1,1
https://paypal-securejp7.com/verify-account,1
https://paypal-securet86.com/verify-account,1
http://update-facebook.xyz/account,1
http://amazon.in/services,0
https://facebook-securecla.com/verify-account,1
http://amazon.in?ref=homepage,0
http://facebook.security-bank.ga/update,1
http://google.security-secure.xyz/update,1
http://google.security-update.ru/update,1
http://100.245.100.211/login.php?id=hz70p,1
http://apple.com/contact?page=2,0
http://microsoft.com/contact?ref=homepage,0
http://iitb.ac.in/services?id=123,0
https://google.com/services?ref=homepage,0
http://login-amazon.tk/login,1
http://facebook.security-secure.cf/update,1
http://paypal.security-login.tk/update,1
http://account-facebook.cf/account,1
http://facebook.security-verify.ml/update,1
https://stackoverflow.com/products?ref=homepage,0
http://stackoverflow.com/home?page=2,0
https://google.com/services?id=123,0
https://linkedin.com/contact?id=123,0
http://168.138.63.117/login.php?id=74md0,1
http://google.com/about?ref=homepage,0
http://paypal.security-secure.tk/update,1
http://116.169.100.160/login.php?id=zpza3,1
https://paypal-secureujx.com/verify-account,1
http://amazon.security-bank.xyz/update,1
https://paypal-securepf5.com/verify-account,1
http://iitb.ac.in/home?ref=homepage,0
http://iitb.ac.in/products?id=123,0
http://update-paypal.xyz/update,1
http://google.security-account.tk/update,1
http://212.133.172.154/login.php?id=ohtgd,1
https://apple.com/products?ref=homepage,0
http://145.225.165.80/login.php?id=iarpw,1
https://facebook-securejk5.com/verify-account,1
http://wikipedia.org/contact,0
http://linkedin.com/services?page=2,0
http://amazon.in/about,0
http://verify-google.xyz/verify,1
http://181.13.169.227/login.php?id=wjo4l,1
http://paypal.security-account.ga/update,1
http://google.com/services?page=2,0
http://paypal.security-secure.xyz/update,1
http://paypal.security-verify.ru/update,1
https://amazon.in/contact?id=123,0
http://148.132.136.249/login.php?id=9f7mx,1
https://amazon.in/services,0
http://account-facebook.ga/update,1
https://iitb.ac.in,0
http://207.189.152.192/login.php?id=qgv98,1
http://google.security-login.ga/update,1
http://bank-paypal.ml/verify,1
https://bankofindia-secureu28.com/verify-account,1
https://bankofindia-secure2dj.com/verify-account,1
http://verify-google.tk/secure,1
http://account-amazon.cf/account,1
http://google.security-login.cf/update,1
http://login-amazon.tk/secure,1
https://microsoft.com?ref=homepage,0
https://github.com/home?page=2,0
https://google.com/home?page=2,0
http://apple.com,0
https://amazon.in/services?ref=homepage,0
http://130.37.62.129/login.php?id=bdjla,1
https://google-securen7y.com/verify-account,1
http://github.com/products,0
http://stackoverflow.com/about?page=2,0
http://wikipedia.org/about,0
http://google.security-update.ru/update,1
http://255.162.196.83/login.php?id=zubca,1
http://github.com/about?id=123,0
http://stackoverflow.com/home?page=2,0
http://149.206.81.62/login.php?id=83s3k,1
http://update-google.cf/account,1
http://secure-amazon.ru/verify,1
http://amazon.security-login.ml/update,1
http://apple.com/products?ref=homepage,0
https://google.com/services?ref=homepage,0
https://bankofindia-securesub.com/verify-account,1
https://amazon-securegj7.com/verify-account,1
https://stackoverflow.com/home,0
https://microsoft.com?ref=homepage,0
https://stackoverflow.com?ref=homepage,0
https://linkedin.com?page=2,0
https://facebook-securegcd.com/verify-account,1
https://amazon-secureh46.com/verify-account,1
https://google-securelcl.com/verify-account,1
https://amazon-securehg0.com/verify-account,1
http://microsoft.com,0
http://177.55.54.34/login.php?id=calk2,1
https://microsoft.com/contact?ref=homepage,0
http://update-paypal.xyz/verify,1
http://stackoverflow.com/services?id=123,0
http://stackoverflow.com/services?id=123,0
http://update-amazon.ga/verify,1
http://stackoverflow.com/products?page=2,0
https://microsoft.com/services,0
http://94.236.169.133/login.php?id=gjp9w,1
https://bankofindia-secure20o.com/verify-account,1
https://github.com/home?ref=homepage,0
https://linkedin.com/products?ref=homepage,0
https://iitb.ac.in,0
http://amazon.security-update.cf/update,1
http://iitb.ac.in/products?ref=homepage,0
http://bankofindia.security-verify.ru/update,1
http://github.com/contact?page=2,0
https://amazon-secure319.com/verify-account,1
https://linkedin.com,0
http://amazon.in/products?ref=homepage,0
http://29.103.29.145/login.php?id=arq5o,1
http://linkedin.com/products?page=2,0
https://amazon.in/products?page=2,0
https://paypal-secure13n.com/verify-account,1
http://85.77.13.123/login.php?id=kgr29,1
http://80.47.17.194/login.php?id=jbsc6,1
http://iitb.ac.in/contact?ref=homepage,0
http://paypal.security-bank.ga/update,1
https://apple.com/home,0
https://facebook-securepue.com/verify-account,1
http://amazon.security-account.ru/update,1
https://google.com/contact?page=2,0
http://amazon.in/about?id=123,0
https://amazon.in/home?ref=homepage,0
https://facebook-securemqr.com/verify-account,1
http://wikipedia.org/services?ref=homepage,0
http://paypal.security-secure.ru/update,1
https://wikipedia.org/home?page=2,0
http://verify-bankofindia.cf/bank,1
http://paypal.security-account.ml/update,1
http://wikipedia.org/contact?page=2,0
http://stackoverflow.com/contact?page=2,0
http://google.security-verify.ru/update,1
http://184.167.254.212/login.php?id=k69i8,1
http://44.219.172.207/login.php?id=l8oh7,1
http://google.com/services?ref=homepage,0
http://github.com/products,0
http://login-google.ru/verify,1
http://login-google.ru/verify,1
http://bankofindia.security-bank.ru/update,1
https://microsoft.com/home,0
https://wikipedia.org?id=123,0
https://paypal-secureleu.com/verify-account,1
http://bank-paypal.cf/bank,1
http://login-bankofindia.tk/login,1
http://amazon.in,0
https://linkedin.com/home?page=2,0
http://stackoverflow.com/products,0
https://stackoverflow.com/contact?id=123,0
http://119.65.27.52/login.php?id=2kqm5,1
http://amazon.in/contact?id=123,0
https://linkedin.com/products,0
https://apple.com/products?id=123,0
https://apple.com/about,0
http://wikipedia.org/home?page=2,0
http://microsoft.com/home,0
https://facebook-secure901.com/verify-account,1
http://bankofindia.security-bank.cf/update,1
https://stackoverflow.com/about?page=2,0
http://verify-paypal.ga/verify,1
http://account-google.ga/update,1
https://apple.com/products?id=123,0
http://facebook.security-update.tk/update,1
http://amazon.in/home,0
http://login-bankofindia.ml/verify,1
http://stackoverflow.com/products?ref=homepage,0
http://apple.com/products?id=123,0
http://account-paypal.ga/verify,1
http://paypal.security-secure.ga/update,1
https://wikipedia.org?id=123,0
http://apple.com,0
https://amazon.in/home,0
http://amazon.security-verify.cf/update,1
https://bankofindia-securek25.com/verify-account,1
http://google.com/about?ref=homepage,0
http://google.security-update.ml/update,1
https://github.com/services,0
http://bank-bankofindia.cf/verify,1
https://amazon.in?ref=homepage,0
https://wikipedia.org/about?id=123,0
https://facebook-securet5w.com/verify-account,1
https://github.com/services?page=2,0
http://verify-google.ga/secure,1
http://google.com/products,0
http://paypal.security-account.ga/update,1
http://facebook.security-verify.ru/update,1
http://microsoft.com,0
https://google-secure2vh.com/verify-account,1
https://stackoverflow.com/services?id=123,0
http://facebook.security-verify.ml/update,1
https://bankofindia-secureplm.com/verify-account,1
http://252.102.220.10/login.php?id=ts9lo,1
http://stackoverflow.com/home,0
http://iitb.ac.in/contact,0
https://linkedin.com/products?page=2,0
http://github.com/services?page=2,0
http://wikipedia.org?ref=homepage,0
https://microsoft.com/home?ref=homepage,0
http://linkedin.com/products,0
http://github.com/about?page=2,0
https://github.com/contact?id=123,0
http://linkedin.com/services?id=123,0
http://bankofindia.security-account.tk/update,1
https://google-securegwv.com/verify-account,1
http://linkedin.com/home?page=2,0
https://github.com/about?id=123,0
http://account-google.cf/bank,1
http://facebook.security-login.tk/update,1
http://secure-bankofindia.ml/update,1
http://google.com/contact?ref=homepage,0
http://facebook.security-account.ml/update,1
http://microsoft.com/services?id=123,0
https://facebook-securedna.com/verify-account,1
http://google.security-update.ga/update,1
https://apple.com/about,0
http://verify-amazon.cf/bank,1
https://facebook-secure7pn.com/verify-account,1
http://apple.com/home?page=2,0
http://stackoverflow.com/home?page=2,0
http://linkedin.com/contact?ref=homepage,0
https://amazon.in/products?page=2,0
http://stackoverflow.com/services?ref=homepage,0
http://47.198.35.123/login.php?id=iq0vx,1
http://github.com/services?ref=homepage,0
https://google-secureqci.com/verify-account,1
http://linkedin.com/products?id=123,0
http://wikipedia.org/about,0
https://linkedin.com/about?ref=homepage,0
http://bank-facebook.tk/update,1
http://bank-paypal.xyz/update,1
https://linkedin.com/about,0
http://bankofindia.security-update.tk/update,1
https://bankofindia-securejee.com/verify-account,1
https://paypal-secureaxh.com/verify-account,1
http://google.com/services?id=123,0
https://apple.com?page=2,0
http://linkedin.com/services,0
http://update-bankofindia.cf/secure,1
http://55.189.35.213/login.php?id=q9up9,1
http://linkedin.com/home,0
http://google.com/about?ref=homepage,0
https://bankofindia-secure08r.com/verify-account,1
http://wikipedia.org/about?ref=homepage,0
http://amazon.in/services?page=2,0
https://linkedin.com/services?id=123,0
https://linkedin.com/about,0
http://stackoverflow.com?id=123,0
https://bankofindia-secureeid.com/verify-account,1
http://stackoverflow.com/services?id=123,0
http://verify-bankofindia.xyz/secure,1
http://google.security-secure.cf/update,1
http://stackoverflow.com/products?id=123,0
http://paypal.security-bank.ml/update,1
https://stackoverflow.com/about?page=2,0
http://iitb.ac.in/products,0
http://google.com/contact?ref=homepage,0
https://stackoverflow.com/services?ref=homepage,0
http://amazon.security-secure.xyz/update,1
http://amazon.security-bank.tk/update,1
https://paypal-securekmq.com/verify-account,1
https://facebook-securee8n.com/verify-account,1
http://apple.com?page=2,0
https://facebook-secureiz0.com/verify-account,1
https://apple.com/services,0
http://76.230.132.66/login.php?id=0bvcl,1
http://amazon.security-verify.ga/update,1
https://stackoverflow.com/contact,0
https://google.com?ref=homepage,0
https://paypal-secure4xo.com/verify-account,1
https://stackoverflow.com/services?id=123,0
https://microsoft.com/products?page=2,0
http://168.68.95.155/login.php?id=ai0a4,1
http://google.security-login.ga/update,1
http://stackoverflow.com/services?page=2,0
https://google-securekdy.com/verify-account,1
http://google.com?page=2,0
http://68.22.182.220/login.php?id=bdqtn,1
http://95.231.240.188/login.php?id=nusge,1
http://login-amazon.ga/account,1
https://linkedin.com/home?page=2,0
http://141.24.202.69/login.php?id=h7694,1
http://facebook.security-login.ga/update,1
http://132.29.50.216/login.php?id=qzrns,1
https://amazon-secureuii.com/verify-account,1
http://iitb.ac.in?page=2,0
http://google.security-login.xyz/update,1
http://account-google.ga/account,1
http://52.144.149.59/login.php?id=pplhi,1
http://bank-amazon.xyz/verify,1
http://144.81.199.25/login.php?id=kg9rn,1
http://microsoft.com/contact?ref=homepage,0
http://71.121.251.178/login.php?id=keu4u,1
http://verify-google.cf/secure,1
https://iitb.ac.in/products?page=2,0
http://bankofindia.security-verify.ml/update,1
http://github.com/services,0
https://google.com/home?page=2,0
http://linkedin.com?ref=homepage,0
http://wikipedia.org/contact,0
https://amazon-secureht1.com/verify-account,1
http://iitb.ac.in/products?id=123,0
http://paypal.security-update.ru/update,1
https://bankofindia-secureu6x.com/verify-account,1
https://apple.com,0
http://bankofindia.security-secure.ga/update,1
http://linkedin.com/home?ref=homepage,0
http://wikipedia.org/contact,0
http://15.246.14.102/login.php?id=pkm9j,1
http://update-paypal.tk/verify,1
https://linkedin.com/products?id=123,0
http://116.65.241.115/login.php?id=2pxdy,1
http://206.202.135.79/login.php?id=k3xtb,1
https://amazon-securebk5.com/verify-account,1
https://iitb.ac.in/contact,0
https://amazon.in/services?page=2,0
http://paypal.security-login.ml/update,1
http://107.22.183.70/login.php?id=gz9sn,1
http://amazon.in/products?ref=homepage,0
https://paypal-securemxg.com/verify-account,1
http://amazon.security-account.tk/update,1
http://187.117.175.221/login.php?id=0ap5g,1
http://amazon.in/contact,0
http://wikipedia.org/contact?ref=homepage,0
http://verify-amazon.xyz/bank,1
http://amazon.security-verify.tk/update,1
http://verify-facebook.ru/update,1
http://update-paypal.ml/account,1
https://linkedin.com/about?page=2,0
https://paypal-secureyr4.com/verify-account,1
http://iitb.ac.in/products?page=2,0
https://google.com/about?id=123,0
https://linkedin.com/contact?ref=homepage,0
http://paypal.security-update.cf/update,1
http://verify-google.tk/update,1
http://iitb.ac.in/about?page=2,0
http://google.com,0
https://amazon.in/services,0
http://paypal.security-verify.cf/update,1
http://update-google.tk/verify,1
http://login-amazon.xyz/bank,1
https://stackoverflow.com/home,0
http://secure-paypal.tk/account,1
http://linkedin.com/about?page=2,0
http://microsoft.com?id=123,0
http://amazon.security-login.xyz/update,1
https://bankofindia-secure8ic.com/verify-account,1
http://207.43.186.222/login.php?id=zhj07,1
https://wikipedia.org/contact,0
http://apple.com/home?id=123,0
http://update-facebook.ml/account,1
http://iitb.ac.in/home,0
http://linkedin.com/contact?ref=homepage,0
https://facebook-secure8va.com/verify-account,1
http://240.252.188.223/login.php?id=ngcew,1
https://linkedin.com/products,0
http://update-google.ru/secure,1
http://account-facebook.cf/verify,1
https://amazon.in/contact?page=2,0
https://google.com/home?page=2,0
https://facebook-securejbu.com/verify-account,1
https://amazon-secure9kb.com/verify-account,1
http://verify-google.ml/bank,1
http://amazon.security-bank.xyz/update,1
http://95.102.143.214/login.php?id=898md,1
http://223.25.36.52/login.php?id=lvzxz,1
http://146.184.194.122/login.php?id=nz5ld,1
http://46.218.157.156/login.php?id=qj6yj,1
http://iitb.ac.in/home?ref=homepage,0
https://apple.com?ref=homepage,0
http://amazon.in/contact?ref=homepage,0
https://bankofindia-securesij.com/verify-account,1
http://bankofindia.security-account.cf/update,1
http://google.security-update.cf/update,1
https://iitb.ac.in/products?id=123,0
http://verify-paypal.ga/login,1
https://google-securev7c.com/verify-account,1
https://bankofindia-securec7r.com/verify-account,1
https://bankofindia-secureha3.com/verify-account,1
http://account-amazon.ru/secure,1
http://205.89.118.190/login.php?id=kxy9t,1
http://paypal.security-secure.ga/update,1
http://github.com?page=2,0
http://secure-google.xyz/bank,1
http://paypal.security-bank.ml/update,1
http://stackoverflow.com/home,0
https://stackoverflow.com/about?ref=homepage,0
https://amazon.in/about,0
http://168.237.219.145/login.php?id=t2ih8,1
https://iitb.ac.in?page=2,0
http://119.18.239.191/login.php?id=br5j4,1
http://github.com?page=2,0
http://apple.com?page=2,0
http://bankofindia.security-bank.tk/update,1
https://microsoft.com/services,0
https://stackoverflow.com/services?page=2,0
https://stackoverflow.com/products?ref=homepage,0
http://iitb.ac.in/products?id=123,0
http://update-bankofindia.tk/update,1
http://bank-facebook.tk/verify,1
http://171.159.213.104/login.php?id=51tuc,1
https://amazon-securenn9.com/verify-account,1
https://google-secures6j.com/verify-account,1
https://amazon-securehqv.com/verify-account,1
http://iitb.ac.in/contact?page=2,0
http://stackoverflow.com?id=123,0
https://amazon.in/contact?page=2,0
https://amazon.in/contact?id=123,0
https://bankofindia-securervs.com/verify-account,1
http://79.57.97.25/login.php?id=utdok,1
https://paypal-securezjr.com/verify-account,1
https://amazon.in/services?page=2,0
https://amazon-secure62v.com/verify-account,1
http://stackoverflow.com/products?ref=homepage,0
https://amazon.in/contact?page=2,0
http://github.com/products,0
http://17.88.46.154/login.php?id=1ihtn,1
https://stackoverflow.com/about,0
http://141.104.84.151/login.php?id=in695,1
http://microsoft.com/home?page=2,0
http://update-paypal.ga/update,1
https://wikipedia.org/contact?id=123,0
https://paypal-secure7oe.com/verify-account,1
https://github.com/contact?page=2,0
http://secure-facebook.xyz/update,1
https://iitb.ac.in/services,0
http://bank-amazon.tk/bank,1
http://173.12.181.246/login.php?id=m2qzc,1
http://verify-paypal.ga/verify,1
https://bankofindia-secureuzk.com/verify-account,1
http://apple.com/about?id=123,0
http://amazon.in/products,0
http://bankofindia.security-bank.tk/update,1
https://facebook-securea7h.com/verify-account,1
http://amazon.in/contact,0
http://account-paypal.tk/bank,1
http://amazon.security-login.ga/update,1
http://google.security-secure.tk/update,1
http://91.126.210.224/login.php?id=l2f36,1
http://microsoft.com/contact?page=2,0
http://63.144.75.198/login.php?id=6913c,1
https://bankofindia-securey4c.com/verify-account,1
http://bank-paypal.ru/verify,1
https://bankofindia-secure111.com/verify-account,1
https://wikipedia.org?page=2,0
http://bankofindia.security-update.ml/update,1
http://google.com?ref=homepage,0
http://iitb.ac.in/about?page=2,0
http://iitb.ac.in/services?page=2,0
http://google.com/services?ref=homepage,0
https://linkedin.com/products,0
https://apple.com/services?page=2,0
http://apple.com/about?id=123,0
http://paypal.security-update.ml/update,1
http://wikipedia.org/about,0
http://stackoverflow.com/contact?ref=homepage,0
https://microsoft.com/about,0
https://amazon.in/products,0
https://apple.com/contact,0
https://amazon.in/products?ref=homepage,0
http://208.140.96.253/login.php?id=mfaoo,1
https://wikipedia.org/home,0
http://github.com/services?page=2,0
https://apple.com/home?id=123,0
http://account-google.ga/update,1
http://159.203.196.178/login.php?id=yk86y,1
http://amazon.security-secure.ga/update,1
http://microsoft.com/home?page=2,0
https://stackoverflow.com/products?page=2,0
https://linkedin.com/contact?ref=homepage,0
http://amazon.security-secure.ru/update,1
http://amazon.security-verify.ru/update,1
https://stackoverflow.com/home,0
http://apple.com/contact,0
http://linkedin.com/contact,0
http://facebook.security-login.ml/update,1
http://bankofindia.security-secure.xyz/update,1
http://stackoverflow.com/about?id=123,0
https://paypal-securejax.com/verify-account,1
https://bankofindia-secure35p.com/verify-account,1
http://facebook.security-verify.ru/update,1
http://220.37.246.141/login.php?id=9bb24,1
http://microsoft.com/about?id=123,0
https://iitb.ac.in/contact?page=2,0
http://bank-google.xyz/update,1
https://linkedin.com/products?page=2,0
https://iitb.ac.in/contact,0
http://paypal.security-login.ga/update,1
http://wikipedia.org/services?ref=homepage,0
https://microsoft.com/about?ref=homepage,0
http://secure-google.xyz/update,1
https://amazon-securefeu.com/verify-account,1
http://142.219.173.103/login.php?id=tx8zn,1
http://google.com/contact?page=2,0
http://wikipedia.org/about?ref=homepage,0
http://amazon.security-secure.xyz/update,1
http://update-amazon.cf/update,1
http://microsoft.com/contact?id=123,0
http://google.security-update.tk/update,1
http://amazon.in/products?ref=homepage,0
http://121.67.102.61/login.php?id=1srsx,1
https://google.com/contact,0
http://stackoverflow.com/services?page=2,0
http://42.187.251.116/login.php?id=jyj61,1
https://paypal-securet3e.com/verify-account,1
http://google.security-verify.xyz/update,1
http://github.com/about,0
http://amazon.in/products,0
http://update-paypal.ml/login,1
http://google.com?ref=homepage,0
http://github.com/contact?ref=homepage,0
http://account-facebook.ru/secure,1
http://microsoft.com/about?id=123,0
http://76.74.253.208/login.php?id=7htnc,1
https://bankofindia-secure35r.com/verify-account,1
http://bankofindia.security-login.xyz/update,1
http://iitb.ac.in/services,0
https://google.com/contact,0
http://143.36.26.189/login.php?id=sm1pq,1
https://google-securewpf.com/verify-account,1
https://amazon-securep5w.com/verify-account,1
https://stackoverflow.com/products,0
http://wikipedia.org/services?page=2,0
http://stackoverflow.com/products?id=123,0
http://111.234.15.224/login.php?id=d81sc,1
http://github.com/products,0
https://wikipedia.org/about,0
http://bank-google.tk/bank,1
https://apple.com/products?ref=homepage,0
http://bankofindia.security-account.tk/update,1
https://linkedin.com,0
https://apple.com/home?id=123,0
http://microsoft.com/products?page=2,0
http://bankofindia.security-account.ga/update,1
http://linkedin.com/products?ref=homepage,0
http://github.com/about?id=123,0
https://google-securer5h.com/verify-account,1
http://secure-google.tk/bank,1
http://211.155.234.24/login.php?id=6gzex,1
http://96.72.201.229/login.php?id=s5f56,1
http://amazon.in/products?id=123,0
http://google.com/about?page=2,0
http://iitb.ac.in/products?id=123,0
http://facebook.security-account.xyz/update,1
http://verify-google.tk/update,1
http://stackoverflow.com/home,0
https://amazon.in/contact?ref=homepage,0
http://facebook.security-bank.cf/update,1
https://apple.com/home?id=123,0
http://apple.com/contact?ref=homepage,0
http://bankofindia.security-bank.tk/update,1
https://wikipedia.org/products?id=123,0
http://google.security-bank.ga/update,1
https://bankofindia-securelg0.com/verify-account,1
http://google.security-bank.ga/update,1
https://amazon-secureyz7.com/verify-account,1
http://account-amazon.ml/login,1
https://google-securem47.com/verify-account,1
http://github.com/contact?page=2,0
https://stackoverflow.com/services?id=123,0
http://login-facebook.xyz/login,1
http://linkedin.com/about?ref=homepage,0
https://bankofindia-secure7ft.com/verify-account,1
http://113.97.136.224/login.php?id=h061p,1
http://182.206.62.81/login.php?id=anjfe,1
http://facebook.security-secure.cf/update,1
http://65.196.248.235/login.php?id=50prx,1
http://amazon.in/services?id=123,0
http://google.com/services?id=123,0
http://facebook.security-bank.ml/update,1
https://linkedin.com,0
https://amazon-securev22.com/verify-account,1
http://login-bankofindia.xyz/secure,1
http://microsoft.com/home?page=2,0
http://79.147.158.36/login.php?id=09aef,1
http://apple.com/services,0
https://linkedin.com/contact?ref=homepage,0
https://bankofindia-securegcd.com/verify-account,1
http://iitb.ac.in/products,0
http://bank-bankofindia.cf/verify,1
http://bank-amazon.tk/verify,1
http://facebook.security-secure.xyz/update,1
https://amazon-securewbr.com/verify-account,1
http://110.100.176.220/login.php?id=wus7l,1
http://bankofindia.security-verify.xyz/update,1
http://bank-facebook.tk/update,1
http://bankofindia.security-update.ru/update,1
http://wikipedia.org/services?ref=homepage,0
http://verify-facebook.ga/verify,1
https://linkedin.com/services?page=2,0
https://facebook-secureoqi.com/verify-account,1
https://iitb.ac.in,0
http://google.com?ref=homepage,0
http://facebook.security-bank.tk/update,1
http://github.com/about?page=2,0
http://iitb.ac.in/contact?ref=homepage,0
http://200.86.36.137/login.php?id=kotjj,1
http://92.122.159.236/login.php?id=mk2vd,1
https://amazon-securency.com/verify-account,1
http://google.com/about?ref=homepage,0
https://iitb.ac.in/contact?page=2,0
http://login-amazon.ml/secure,1
https://apple.com/contact?ref=homepage,0
http://amazon.in/about,0
https://linkedin.com/about?page=2,0
https://stackoverflow.com/products?id=123,0
http://google.com/about,0
http://github.com,0
http://bankofindia.security-verify.ml/update,1
http://wikipedia.org/contact?id=123,0
http://account-google.ru/bank,1
http://20.83.163.246/login.php?id=kcid0,1
http://github.com/home?id=123,0
http://stackoverflow.com/about?id=123,0
https://wikipedia.org/services,0
http://verify-facebook.cf/verify,1
http://facebook.security-secure.ru/update,1
http://252.165.126.89/login.php?id=ht8lh,1
http://secure-google.ga/account,1
http://206.229.78.80/login.php?id=w7m9z,1
http://apple.com,0
http://verify-facebook.xyz/bank,1
https://iitb.ac.in/products?page=2,0
http://apple.com/home,0
http://iitb.ac.in/products?ref=homepage,0
http://google.com?ref=homepage,0
https://bankofindia-securedvk.com/verify-account,1
https://paypal-securesg1.com/verify-account,1
https://linkedin.com/about?id=123,0
http://amazon.security-secure.xyz/update,1
https://stackoverflow.com/about?ref=homepage,0
https://wikipedia.org/about?id=123,0
http://stackoverflow.com/home,0
http://215.247.215.139/login.php?id=rvhcc,1
http://secure-facebook.xyz/login,1
http://14.116.87.57/login.php?id=016bq,1
http://66.38.236.190/login.php?id=04spv,1
http://secure-facebook.ru/update,1
http://bank-paypal.tk/secure,1
http://update-paypal.cf/bank,1
http://stackoverflow.com/services?id=123,0
http://stackoverflow.com/home?ref=homepage,0
https://iitb.ac.in/products?ref=homepage,0
https://linkedin.com/contact?page=2,0
https://iitb.ac.in?page=2,0
http://amazon.in/home?page=2,0
http://google.security-bank.cf/update,1
http://170.48.201.205/login.php?id=viu30,1
http://amazon.in/about?ref=homepage,0
https://iitb.ac.in/contact?page=2,0
http://google.com/services,0
https://bankofindia-secureg2m.com/verify-account,1
https://bankofindia-secure7mr.com/verify-account,1
http://login-bankofindia.ml/login,1
http://amazon.in,0
https://linkedin.com/products?id=123,0
http://linkedin.com/services?ref=homepage,0
http://iitb.ac.in/products?page=2,0
http://google.security-account.cf/update,1
https://microsoft.com/about,0
https://google-securertm.com/verify-account,1
http://paypal.security-update.ga/update,1
http://223.192.188.188/login.php?id=oe3fw,1
https://stackoverflow.com/services?page=2,0
https://wikipedia.org/services,0
https://google-secureryp.com/verify-account,1
http://iitb.ac.in/products?ref=homepage,0
http://stackoverflow.com/home,0
http://google.security-bank.ru/update,1
https://google.com/contact,0
http://bankofindia.security-account.tk/update,1
https://apple.com/contact?ref=homepage,0
http://stackoverflow.com/about?ref=homepage,0
https://facebook-secure1ih.com/verify-account,1
https://wikipedia.org/products?id=123,0
http://46.205.234.118/login.php?id=dke87,1
https://stackoverflow.com/products?page=2,0
http://amazon.in/products?ref=homepage,0
http://217.145.36.42/login.php?id=9p9zv,1
https://bankofindia-secure6cp.com/verify-account,1
http://stackoverflow.com/home?page=2,0
https://amazon-securemtg.com/verify-account,1
https://stackoverflow.com/about?page=2,0
http://facebook.security-login.cf/update,1
http://secure-bankofindia.ru/account,1
http://github.com/about?ref=homepage,0
http://191.217.214.141/login.php?id=97p1w,1
https://bankofindia-secure0tz.com/verify-account,1
http://update-google.xyz/account,1
http://213.250.105.54/login.php?id=9syac,1
http://secure-paypal.cf/login,1
http://account-bankofindia.ml/login,1
http://apple.com/home?id=123,0
https://paypal-secureyyk.com/verify-account,1
http://paypal.security-account.tk/update,1
https://github.com/products?page=2,0
http://linkedin.com/home?page=2,0
http://amazon.in/services?ref=homepage,0
https://google-secureavj.com/verify-account,1
http://github.com/products?ref=homepage,0
http://apple.com?id=123,0
http://github.com/about?ref=homepage,0
http://login-facebook.tk/update,1
https://amazon.in/about?id=123,0
http://232.58.89.46/login.php?id=dmpi3,1
http://facebook.security-verify.cf/update,1
http://bank-paypal.tk/bank,1
http://wikipedia.org/services?ref=homepage,0
http://secure-bankofindia.cf/account,1
https://facebook-securefp9.com/verify-account,1
http://amazon.in/contact?page=2,0
https://bankofindia-securea8o.com/verify-account,1
http://update-amazon.xyz/verify,1
http://linkedin.com?id=123,0
http://verify-amazon.ga/secure,1
http://iitb.ac.in/home?page=2,0
http://account-google.cf/secure,1
https://amazon-secures8q.com/verify-account,1
https://facebook-secureh3i.com/verify-account,1
http://27.68.130.153/login.php?id=3t61z,1
https://apple.com/home,0
http://login-facebook.xyz/account,1
http://iitb.ac.in/services?ref=homepage,0
http://225.160.89.155/login.php?id=tnk1r,1
http://paypal.security-login.tk/update,1
https://microsoft.com/contact?page=2,0
https://google-securednp.com/verify-account,1
http://184.178.46.149/login.php?id=vijqp,1
http://facebook.security-verify.ga/update,1
http://amazon.in/products?page=2,0
https://bankofindia-secureb6m.com/verify-account,1
https://amazon.in/contact?ref=homepage,0
http://148.139.251.153/login.php?id=ed0u9,1
http://245.221.222.97/login.php?id=kaako,1
http://microsoft.com/contact?id=123,0
http://236.14.91.32/login.php?id=kez9c,1
http://10.162.234.154/login.php?id=27wxz,1
https://google.com/home?id=123,0
https://bankofindia-securecwb.com/verify-account,1
http://244.13.57.227/login.php?id=zgnih,1
http://secure-amazon.cf/secure,1
http://253.57.13.164/login.php?id=0k99e,1
http://90.175.165.49/login.php?id=ovl59,1
http://iitb.ac.in?page=2,0
http://bank-google.cf/update,1
https://google.com/contact?id=123,0
https://microsoft.com/contact?ref=homepage,0
http://147.43.96.240/login.php?id=jc4cv,1
https://google.com/about?page=2,0
http://stackoverflow.com/contact?id=123,0
http://facebook.security-account.ru/update,1
https://google-secureejb.com/verify-account,1
https://apple.com/contact?id=123,0
http://bank-facebook.ru/login,1
http://20.73.90.26/login.php?id=fg25e,1
http://239.249.220.42/login.php?id=0q8mu,1
https://github.com/services,0
http://stackoverflow.com?id=123,0
http://apple.com/products?ref=homepage,0
http://43.246.61.190/login.php?id=5f79a,1
https://wikipedia.org?page=2,0
https://linkedin.com/contact,0
https://google-secure2mc.com/verify-account,1
https://apple.com/products?id=123,0
http://facebook.security-login.tk/update,1
http://apple.com/products,0
http://163.42.145.70/login.php?id=h2k58,1
http://51.23.31.180/login.php?id=mghr4,1
http://stackoverflow.com/about?page=2,0
http://24.36.206.22/login.php?id=murpw,1
https://amazon-securef23.com/verify-account,1
https://amazon.in/contact,0
http://google.security-secure.cf/update,1
https://stackoverflow.com/products?page=2,0
https://wikipedia.org/home?ref=homepage,0
https://amazon.in/contact?page=2,0
https://linkedin.com?page=2,0
https://microsoft.com/services?id=123,0
https://amazon.in,0
http://update-paypal.tk/update,1
https://wikipedia.org/products,0
https://linkedin.com?page=2,0
http://facebook.security-secure.ru/update,1
http://stackoverflow.com/contact?page=2,0
https://paypal-securedd4.com/verify-account,1
http://secure-amazon.xyz/verify,1
http://187.14.190.240/login.php?id=7d6ih,1
http://login-paypal.tk/secure,1
https://google.com/products?page=2,0
http://amazon.security-secure.tk/update,1
http://195.50.197.141/login.php?id=97yfo,1
http://64.242.227.91/login.php?id=pvbyb,1
https://iitb.ac.in/about?page=2,0
https://amazon-secure2c4.com/verify-account,1
http://iitb.ac.in/services?ref=homepage,0
https://iitb.ac.in,0
https://google-securewtf.com/verify-account,1
http://237.217.28.241/login.php?id=55r8m,1
https://wikipedia.org/home?ref=homepage,0
http://bankofindia.security-verify.tk/update,1
https://facebook-securelyc.com/verify-account,1
http://bankofindia.security-login.ru/update,1
https://wikipedia.org/products?ref=homepage,0
http://google.security-bank.tk/update,1
https://amazon.in/services?page=2,0
http://stackoverflow.com/about?id=123,0
http://191.249.26.25/login.php?id=er0wp,1
http://wikipedia.org/contact?page=2,0
https://bankofindia-securevz3.com/verify-account,1
http://linkedin.com/contact?id=123,0
http://apple.com/services?ref=homepage,0
http://iitb.ac.in?id=123,0
http://stackoverflow.com/services?ref=homepage,0
http://bankofindia.security-login.cf/update,1
https://github.com/services?ref=homepage,0
http://apple.com/contact?page=2,0
https://google.com?id=123,0
http://89.233.59.74/login.php?id=49dgc,1
http://facebook.security-verify.ru/update,1
http://stackoverflow.com/contact?page=2,0
https://google-secure16o.com/verify-account,1
http://linkedin.com/home?id=123,0
http://225.181.250.30/login.php?id=97uic,1
https://linkedin.com/home?page=2,0
https://wikipedia.org/products,0
http://update-facebook.ml/account,1
https://google-securejqr.com/verify-account,1
http://wikipedia.org/contact?ref=homepage,0
http://google.com/contact?id=123,0
http://157.126.157.147/login.php?id=j0as5,1
http://facebook.security-secure.ga/update,1
http://google.com/services?page=2,0
http://github.com/about,0
http://microsoft.com/about?ref=homepage,0
https://google-securewfa.com/verify-account,1
http://bank-google.ru/login,1
http://bank-amazon.ga/update,1
http://126.155.141.238/login.php?id=jin6n,1
http://apple.com/services?id=123,0
http://account-bankofindia.ga/secure,1
https://stackoverflow.com?id=123,0
http://verify-facebook.xyz/secure,1
https://iitb.ac.in/contact?ref=homepage,0
http://microsoft.com?page=2,0
http://75.136.86.235/login.php?id=mx410,1
https://microsoft.com/products?ref=homepage,0
http://linkedin.com/products,0
https://paypal-securefz4.com/verify-account,1
http://bank-amazon.ru/update,1
http://google.security-login.ru/update,1
https://apple.com,0
http://linkedin.com/home,0
https://amazon-secureuru.com/verify-account,1
http://90.252.144.18/login.php?id=buxne,1
http://apple.com?id=123,0
https://linkedin.com?page=2,0
https://microsoft.com/services?id=123,0
https://wikipedia.org/home?page=2,0
http://github.com/products?id=123,0
http://stackoverflow.com/contact?id=123,0
http://github.com/services?id=123,0
http://185.77.59.99/login.php?id=0q2b7,1
http://github.com,0
http://github.com/home?id=123,0
http://google.security-account.ga/update,1
http://microsoft.com/contact?id=123,0
https://facebook-securef4k.com/verify-account,1
https://facebook-securefiw.com/verify-account,1
http://159.233.33.42/login.php?id=xpd7r,1
https://google-secureb62.com/verify-account,1
http://107.236.250.18/login.php?id=8dq0q,1
http://google.com?page=2,0
https://apple.com/home?id=123,0
http://github.com/home?ref=homepage,0
http://linkedin.com/about,0
https://google-securekkx.com/verify-account,1
http://53.74.93.62/login.php?id=k2opx,1
http://63.255.167.253/login.php?id=nc0pw,1
https://google.com/products,0
http://github.com/services?ref=homepage,0
https://github.com/products?page=2,0
https://iitb.ac.in/home?ref=homepage,0
http://microsoft.com/about?ref=homepage,0
http://verify-amazon.ga/bank,1
http://linkedin.com,0
http://28.194.176.182/login.php?id=787wv,1
http://iitb.ac.in/about,0
http://amazon.in/services?id=123,0
https://apple.com/products?ref=homepage,0
https://microsoft.com/about?ref=homepage,0
http://109.72.175.75/login.php?id=ucse6,1
https://linkedin.com/contact?ref=homepage,0
https://google-secure9h8.com/verify-account,1
http://iitb.ac.in?id=123,0
https://google-securegk2.com/verify-account,1
http://amazon.in/about?ref=homepage,0
http://github.com,0
https://wikipedia.org/services?page=2,0
http://170.125.128.243/login.php?id=6lo3g,1
http://github.com/home?page=2,0
https://paypal-securew59.com/verify-account,1
http://google.com/home,0
https://google.com/about?page=2,0
http://157.22.90.113/login.php?id=cszwt,1
http://verify-paypal.ml/account,1
http://google.security-verify.xyz/update,1
http://amazon.security-update.cf/update,1
https://microsoft.com/services?id=123,0
http://stackoverflow.com/contact,0
http://227.119.219.138/login.php?id=8r83p,1
http://microsoft.com/home,0
https://bankofindia-securezgb.com/verify-account,1
https://amazon.in/contact?page=2,0
https://facebook-secure9mz.com/verify-account,1
https://google.com/services?id=123,0
http://242.68.145.247/login.php?id=2kpc2,1
http://stackoverflow.com/home?page=2,0
https://paypal-securek4g.com/verify-account,1
https://microsoft.com/products?page=2,0
http://facebook.security-verify.ru/update,1
http://paypal.security-login.tk/update,1
https://wikipedia.org/about,0
http://account-google.cf/verify,1
http://wikipedia.org/products?id=123,0
http://verify-google.ml/account,1
http://amazon.in/products?page=2,0
https://facebook-secure4t2.com/verify-account,1
https://github.com/about?id=123,0
https://amazon.in/about?page=2,0
http://248.203.69.158/login.php?id=imnel,1
http://paypal.security-login.ga/update,1
http://bank-bankofindia.tk/login,1
http://google.security-secure.ru/update,1
http://paypal.security-secure.cf/update,1
http://microsoft.com/home?page=2,0
http://google.com/services?page=2,0
https://facebook-secure4gb.com/verify-account,1
http://facebook.security-bank.ru/update,1
http://bank-facebook.ml/account,1
https://google.com/contact,0
https://stackoverflow.com,0
http://49.89.107.150/login.php?id=dbyia,1
http://login-paypal.ga/secure,1
https://google.com/about,0
http://google.com/contact?id=123,0
https://amazon-secure2gf.com/verify-account,1
http://bankofindia.security-verify.tk/update,1
http://secure-facebook.ml/account,1
https://facebook-securebrb.com/verify-account,1
https://google.com/products?ref=homepage,0
http://wikipedia.org/contact?page=2,0
http://142.118.145.52/login.php?id=zoao1,1
https://stackoverflow.com/home?page=2,0
https://linkedin.com/services?id=123,0
https://amazon.in/contact?id=123,0
http://229.86.83.26/login.php?id=3j9ky,1
https://bankofindia-securelup.com/verify-account,1
https://google-securetxi.com/verify-account,1
https://microsoft.com/contact?id=123,0
http://apple.com/about,0
https://github.com/contact?ref=homepage,0
http://amazon.in?ref=homepage,0
https://apple.com/about?id=123,0
http://paypal.security-account.tk/update,1
https://amazon-securefzj.com/verify-account,1
http://iitb.ac.in/home,0
http://stackoverflow.com/services?id=123,0
https://wikipedia.org/services?ref=homepage,0
https://amazon-securenrl.com/verify-account,1
http://amazon.security-bank.xyz/update,1
http://wikipedia.org/contact?id=123,0
http://microsoft.com/products?page=2,0
http://apple.com/home,0
https://paypal-securew4m.com/verify-account,1
http://198.108.147.152/login.php?id=l1yli,1
https://facebook-securelbt.com/verify-account,1
https://microsoft.com/products?id=123,0
http://89.250.90.229/login.php?id=gewsw,1
https://linkedin.com/home?page=2,0
https://wikipedia.org/about?id=123,0
https://google.com/contact?page=2,0
https://iitb.ac.in?ref=homepage,0
http://github.com/contact?page=2,0
https://bankofindia-securenip.com/verify-account,1
http://stackoverflow.com/about,0
http://stackoverflow.com/services?ref=homepage,0
https://amazon.in/services?ref=homepage,0
https://microsoft.com/home,0
http://153.227.23.195/login.php?id=ffrbk,1
https://stackoverflow.com/services?ref=homepage,0
http://apple.com/products?page=2,0
http://microsoft.com/products?id=123,0
http://iitb.ac.in/services?page=2,0
http://stackoverflow.com/contact?id=123,0
https://paypal-secure9jo.com/verify-account,1
https://wikipedia.org/contact?id=123,0
http://google.security-verify.ga/update,1
https://amazon.in?id=123,0
http://149.161.101.225/login.php?id=zq5s6,1
http://amazon.in/services?page=2,0
https://paypal-secure98x.com/verify-account,1
http://bankofindia.security-update.tk/update,1
http://apple.com/contact,0
http://251.223.11.91/login.php?id=dwdl8,1
https://wikipedia.org/contact?id=123,0
https://facebook-securemwq.com/verify-account,1
http://linkedin.com,0
http://187.185.94.56/login.php?id=bnyz9,1
http://wikipedia.org/contact,0
http://facebook.security-update.cf/update,1
http://verify-google.tk/bank,1
http://microsoft.com/services?ref=homepage,0
http://google.com?ref=homepage,0
http://bankofindia.security-verify.tk/update,1
https://facebook-secureagl.com/verify-account,1
https://google.com?page=2,0
http://bankofindia.security-secure.tk/update,1
https://linkedin.com/contact,0
https://iitb.ac.in/contact?ref=homepage,0
https://stackoverflow.com/services?id=123,0
http://linkedin.com/about?ref=homepage,0
https://github.com/products?page=2,0
http://amazon.in/contact?id=123,0
http://linkedin.com/products,0
https://iitb.ac.in/about,0
http://google.com,0
https://amazon-securev8u.com/verify-account,1
http://stackoverflow.com,0
http://github.com/home,0
http://47.253.187.72/login.php?id=73ezq,1
https://amazon-secureh01.com/verify-account,1
http://google.com/about?id=123,0
https://google.com/about?page=2,0
https://iitb.ac.in/about?id=123,0
https://paypal-secureh68.com/verify-account,1
https://wikipedia.org/about,0
http://github.com?ref=homepage,0
https://apple.com?ref=homepage,0
http://stackoverflow.com/about?page=2,0
https://amazon.in/products,0
https://apple.com/products,0
http://49.235.32.84/login.php?id=7ch0w,1
http://update-google.ga/update,1
http://107.41.222.35/login.php?id=w0hps,1
http://227.61.51.159/login.php?id=wpk7n,1
https://wikipedia.org/products?ref=homepage,0
http://github.com/products?id=123,0
https://github.com/contact?ref=homepage,0
https://amazon-securexpd.com/verify-account,1
http://linkedin.com/products,0
https://google.com/home?ref=homepage,0
http://138.198.60.20/login.php?id=r2ayg,1
http://217.41.14.76/login.php?id=vknue,1
https://amazon.in/products,0
http://update-bankofindia.ru/secure,1
http://stackoverflow.com/products,0
https://stackoverflow.com/home?page=2,0
http://microsoft.com/products,0
http://microsoft.com/contact?id=123,0
https://iitb.ac.in/products,0
https://wikipedia.org/home?id=123,0
https://stackoverflow.com/products?page=2,0
http://amazon.in/about?page=2,0
https://iitb.ac.in/home?ref=homepage,0
https://wikipedia.org/contact?id=123,0
http://paypal.security-update.cf/update,1
http://amazon.security-update.xyz/update,1
http://stackoverflow.com/services,0
http://stackoverflow.com/home?ref=homepage,0
https://google-secureom8.com/verify-account,1
http://secure-paypal.cf/update,1
https://amazon.in/home?ref=homepage,0
http://bankofindia.security-account.tk/update,1
https://iitb.ac.in/services?ref=homepage,0
http://paypal.security-login.ml/update,1
http://92.64.235.74/login.php?id=t2oh7,1
http://iitb.ac.in/about?ref=homepage,0
http://google.com/products?page=2,0
http://google.com/about?page=2,0
https://bankofindia-securemp6.com/verify-account,1
http://228.202.124.113/login.php?id=obs92,1
http://62.195.212.142/login.php?id=gpbmi,1
https://google-secureyme.com/verify-account,1
http://amazon.security-bank.tk/update,1
http://120.171.23.55/login.php?id=gkmla,1
http://facebook.security-account.cf/update,1
http://google.com?ref=homepage,0
http://iitb.ac.in/products?id=123,0
http://28.45.61.36/login.php?id=woph8,1
http://facebook.security-secure.ml/update,1
http://139.196.72.113/login.php?id=3i0pc,1
http://apple.com/products?id=123,0
https://iitb.ac.in/about?page=2,0
https://github.com/services?id=123,0
http://11.147.122.69/login.php?id=9ij1d,1
https://amazon-securejsc.com/verify-account,1
http://verify-paypal.tk/account,1
http://google.com/services?id=123,0
https://google.com?id=123,0
https://wikipedia.org/services?page=2,0
http://226.160.242.150/login.php?id=jw6j7,1
https://amazon.in/services?id=123,0
http://google.com/about,0
http://facebook.security-verify.tk/update,1
https://amazon-secureba8.com/verify-account,1
https://apple.com/services?id=123,0
http://182.161.156.130/login.php?id=u7hw8,1
http://218.157.198.178/login.php?id=7lxjc,1
http://wikipedia.org/services,0
https://linkedin.com/products,0
http://google.com/services?id=123,0
http://wikipedia.org/contact?ref=homepage,0
http://account-paypal.tk/secure,1
http://facebook.security-update.ga/update,1
http://bankofindia.security-account.ru/update,1
http://google.security-secure.xyz/update,1
http://iitb.ac.in/home?id=123,0
https://apple.com/products,0
http://facebook.security-login.ml/update,1
http://19.199.170.98/login.php?id=ozy94,1
http://iitb.ac.in/services?ref=homepage,0
https://facebook-secure5us.com/verify-account,1
http://apple.com/products,0
http://microsoft.com/about?id=123,0
https://facebook-secureavu.com/verify-account,1
https://microsoft.com/home,0
http://linkedin.com/services?id=123,0
http://33.105.213.98/login.php?id=xtdjn,1
https://paypal-secure7b6.com/verify-account,1
http://iitb.ac.in/contact?ref=homepage,0
https://linkedin.com/services?page=2,0
http://46.112.213.103/login.php?id=3zf72,1
https://github.com/services?id=123,0
http://facebook.security-bank.xyz/update,1
http://225.77.179.49/login.php?id=uxecr,1
http://iitb.ac.in/services?page=2,0
http://facebook.security-verify.ga/update,1
http://verify-paypal.tk/account,1
http://update-facebook.cf/login,1
http://stackoverflow.com,0
http://amazon.security-bank.ml/update,1
http://linkedin.com/products?ref=homepage,0
http://facebook.security-account.ga/update,1
http://wikipedia.org/products?id=123,0
https://iitb.ac.in/contact?page=2,0
http://update-bankofindia.xyz/verify,1
http://apple.com/contact,0
http://linkedin.com/contact,0
http://amazon.security-verify.tk/update,1
http://206.33.58.161/login.php?id=1hss8,1
http://facebook.security-login.cf/update,1
https://amazon-secure5j3.com/verify-account,1
http://stackoverflow.com/home?id=123,0
http://secure-google.xyz/update,1
http://amazon.security-login.ga/update,1
http://80.241.38.92/login.php?id=k21ho,1
https://facebook-secure0j4.com/verify-account,1
http://account-facebook.cf/login,1
http://134.68.247.40/login.php?id=0zttw,1
http://bank-paypal.ru/login,1
http://amazon.in/products?ref=homepage,0
https://google-securegpc.com/verify-account,1
https://bankofindia-securefwa.com/verify-account,1
https://google-securervy.com/verify-account,1
http://iitb.ac.in/products?id=123,0
http://google.security-verify.tk/update,1
https://amazon.in/home?page=2,0
http://github.com/services?id=123,0
http://apple.com?id=123,0
https://google-securef3k.com/verify-account,1
http://amazon.security-account.tk/update,1
https://linkedin.com/contact,0
https://apple.com/services?id=123,0
http://bankofindia.security-account.tk/update,1
http://iitb.ac.in/services?ref=homepage,0
http://iitb.ac.in?id=123,0
http://linkedin.com/services?id=123,0
http://amazon.in/about?page=2,0
http://amazon.security-bank.tk/update,1
https://linkedin.com/home?id=123,0
http://122.45.176.82/login.php?id=v57ny,1
https://linkedin.com?page=2,0
https://google.com/home,0
http://amazon.security-bank.xyz/update,1
https://microsoft.com/about,0
http://amazon.security-bank.ga/update,1
http://45.41.80.141/login.php?id=vywrs,1
http://33.19.240.54/login.php?id=e8uyg,1
http://wikipedia.org/products,0
http://verify-google.ga/verify,1
http://google.com/contact?id=123,0
http://iitb.ac.in/contact?id=123,0
http://apple.com/contact?page=2,0
https://amazon-securenu9.com/verify-account,1
https://google-secure913.com/verify-account,1
http://wikipedia.org/about?ref=homepage,0
https://wikipedia.org?id=123,0
https://facebook-securez63.com/verify-account,1
http://google.security-login.ml/update,1
http://186.193.51.235/login.php?id=u5k92,1
http://bank-facebook.xyz/verify,1
https://google.com/home?ref=homepage,0
http://iitb.ac.in,0
http://wikipedia.org/services?id=123,0
https://amazon.in/services,0
https://wikipedia.org/services?page=2,0
https://google-secureou3.com/verify-account,1
https://google-securel2r.com/verify-account,1
http://bankofindia.security-bank.ga/update,1
https://google-secure40u.com/verify-account,1
https://bankofindia-securemre.com/verify-account,1
http://stackoverflow.com/products?id=123,0
https://amazon-secure9ij.com/verify-account,1
https://microsoft.com/contact?id=123,0
http://facebook.security-bank.cf/update,1
http://github.com,0
http://179.230.153.71/login.php?id=v60w6,1
https://bankofindia-securenfq.com/verify-account,1
https://linkedin.com/home,0
http://login-google.ga/bank,1
https://amazon-secureitp.com/verify-account,1
http://microsoft.com,0
http://google.security-secure.tk/update,1
http://bank-google.ru/verify,1
http://bankofindia.security-login.ga/update,1
https://microsoft.com?id=123,0
http://57.63.55.20/login.php?id=cyfrs,1
https://amazon-secure007.com/verify-account,1
http://github.com/about?page=2,0
http://linkedin.com?page=2,0
http://paypal.security-secure.tk/update,1
http://bank-bankofindia.tk/login,1
http://account-google.ml/bank,1
http://google.security-bank.cf/update,1
http://wikipedia.org/about?id=123,0
http://apple.com/about?page=2,0
http://google.security-update.ga/update,1
https://google.com/services?ref=homepage,0
https://wikipedia.org/services,0
http://75.229.30.240/login.php?id=bcv48,1
https://amazon.in/contact?page=2,0
http://104.53.155.10/login.php?id=m4167,1
http://15.240.57.210/login.php?id=xgk9u,1
http://amazon.security-update.xyz/update,1
http://google.com/products?page=2,0
http://125.122.109.59/login.php?id=9v327,1
https://amazon.in/contact,0
https://microsoft.com/services?page=2,0
https://amazon-secure5nb.com/verify-account,1
http://85.188.170.166/login.php?id=zrkqo,1
http://apple.com?ref=homepage,0
https://iitb.ac.in/services?id=123,0
http://37.122.98.126/login.php?id=h8b91,1
http://google.security-account.cf/update,1
https://facebook-secureaoi.com/verify-account,1
http://update-paypal.xyz/account,1
http://paypal.security-secure.ga/update,1
https://wikipedia.org/contact?ref=homepage,0
https://wikipedia.org/services?id=123,0
http://amazon.security-account.ga/update,1
http://account-google.ru/login,1
http://wikipedia.org/about?ref=homepage,0
http://verify-amazon.ga/verify,1
http://225.181.136.235/login.php?id=py2hs,1
https://bankofindia-secureg4g.com/verify-account,1
https://amazon.in/services?page=2,0
https://facebook-secureg9p.com/verify-account,1
https://stackoverflow.com/products?page=2,0
https://amazon.in/home?page=2,0
https://bankofindia-securervp.com/verify-account,1
http://bankofindia.security-bank.tk/update,1
https://amazon-secureaz0.com/verify-account,1
https://iitb.ac.in/contact?page=2,0
http://github.com/contact?ref=homepage,0
http://stackoverflow.com,0
http://iitb.ac.in/about?id=123,0
http://update-google.ml/login,1
http://stackoverflow.com/about,0
http://microsoft.com/about?id=123,0
https://microsoft.com/home?id=123,0
http://97.225.177.175/login.php?id=kkb99,1
https://google.com/products?ref=homepage,0
http://linkedin.com/services?page=2,0
https://google.com/home?page=2,0
https://stackoverflow.com?id=123,0
https://google.com?page=2,0
https://microsoft.com/contact?page=2,0
http://192.185.70.180/login.php?id=360wq,1
http://secure-amazon.tk/update,1
